id,first_name,last_name,email,country,ip_address
1,Gloria,Lopez,glopez0@hhs.gov,China,187.181.55.223
2,Rebecca,Barnes,rbarnes1@businessweek.com,Sweden,191.216.42.78
3,Harold,Cook,hcook2@usatoday.com,China,212.178.68.99
4,Helen,Arnold,harnold3@printfriendly.com,China,224.207.111.221
5,Victor,Tucker,vtucker4@sbwire.com,Peru,142.143.159.124
6,James,Hudson,jhudson5@quantcast.com,China,121.233.4.35
7,Ronald,Hill,rhill6@wix.com,France,96.222.255.41
8,Matthew,Murray,mmurray7@yolasite.com,Philippines,176.149.26.1
9,Fred,Brown,fbrown8@sbwire.com,China,124.15.13.245
10,Doris,Diaz,ddiaz9@mlb.com,Russia,127.121.211.65
11,Katherine,Jacobs,kjacobsa@amazon.de,Philippines,224.6.212.246
12,Ruth,Schmidt,rschmidtb@narod.ru,China,163.250.250.137
13,Russell,Gilbert,rgilbertc@spotify.com,China,129.84.159.64
14,Stephanie,Fowler,sfowlerd@free.fr,Madagascar,79.192.171.64
15,Keith,Reid,kreide@usgs.gov,United States,12.8.10.0
16,Ryan,Anderson,randersonf@digg.com,China,178.214.5.199
17,Beverly,Boyd,bboydg@photobucket.com,Philippines,7.139.194.195
18,Eric,Jackson,ejacksonh@issuu.com,Philippines,109.177.117.61
19,Joshua,Andrews,jandrewsi@nba.com,Philippines,93.239.36.31
20,Wanda,Ramos,wramosj@vk.com,China,20.94.31.43
21,Peter,Burns,pburnsk@amazon.co.jp,Indonesia,230.19.17.47
22,Carol,Wallace,cwallacel@surveymonkey.com,Japan,170.20.164.45
23,Jesse,Knight,jknightm@time.com,China,106.241.171.215
24,Ronald,Clark,rclarkn@ibm.com,China,43.124.103.134
25,Ruby,Alvarez,ralvarezo@arizona.edu,Thailand,231.244.68.35
26,Michelle,Matthews,mmatthewsp@skype.com,Portugal,88.183.46.11
27,Lisa,Kennedy,lkennedyq@usgs.gov,Ukraine,57.229.178.150
28,Scott,Fisher,sfisherr@boston.com,China,206.73.240.161
29,Amy,Howell,ahowells@apple.com,Colombia,213.59.115.187
30,Carlos,Rogers,crogerst@cargocollective.com,China,224.64.219.28
